timestamp,open,high,low,close,volume
2026-01-01T00:00:00+00:00,100,101,99,100,10
2026-01-01T00:05:00+00:00,100,102,99,101,12
2026-01-01T00:10:00+00:00,101,104,100,103,14
2026-01-01T00:15:00+00:00,103,105,101,104,13
2026-01-01T00:20:00+00:00,104,105,99,100,15
2026-01-01T00:25:00+00:00,100,101,97,98,16
2026-01-01T00:30:00+00:00,98,103,97,102,11
2026-01-01T00:35:00+00:00,102,107,101,106,14
2026-01-01T00:40:00+00:00,106,108,104,107,10
2026-01-01T00:45:00+00:00,107,108,102,103,15
2026-01-01T00:50:00+00:00,103,104,100,101,13
2026-01-01T00:55:00+00:00,101,109,100,108,12
